f0,sigma, diff-HD
65.0,5.0,1.7933642648126913E-5
70.0,9.0,0.0032917044412169583
0.22,0.41,0.0017101094470045597
